"split_nt","junction_oh","junction_in_hf","junction_fidelity","block_type","tile_id"
888,"GAAA",FALSE,0.874494,"bsmbi_3wt",1
888,"GAAA",FALSE,0.874494,"bsmbi_3wt",2
888,"GAAA",FALSE,0.874494,"bsmbi_3wt",3
888,"GAAA",FALSE,0.874494,"bsmbi_3wt",4
888,"GAAA",FALSE,0.874494,"bsai_5wt",7
888,"GAAA",FALSE,0.874494,"bsai_5wt",8
888,"GAAA",FALSE,0.874494,"bsai_5wt",9
888,"GAAA",FALSE,0.874494,"bsai_5wt",10
888,"GAAA",FALSE,0.874494,"bsai_5wt",11
888,"GAAA",FALSE,0.874494,"bsai_5wt",12
888,"GAAA",FALSE,0.874494,"bsai_5wt",13
888,"GAAA",FALSE,0.874494,"bsai_5wt",14
888,"GAAA",FALSE,0.874494,"bsai_5wt",15
888,"GAAA",FALSE,0.874494,"bsai_5wt",16
888,"GAAA",FALSE,0.874494,"bsai_5wt",17
888,"GAAA",FALSE,0.874494,"bsai_5wt",18
888,"GAAA",FALSE,0.874494,"bsai_5wt",19
888,"GAAA",FALSE,0.874494,"bsai_5wt",20
888,"GAAA",FALSE,0.874494,"bsai_5wt",21
888,"GAAA",FALSE,0.874494,"bsai_5wt",22
888,"GAAA",FALSE,0.874494,"bsai_5wt",23
888,"GAAA",FALSE,0.874494,"bsai_5wt",24
888,"GAAA",FALSE,0.874494,"bsai_5wt",25
888,"GAAA",FALSE,0.874494,"bsai_5wt",26
888,"GAAA",FALSE,0.874494,"bsai_5wt",27
888,"GAAA",FALSE,0.874494,"bsai_5wt",28
888,"GAAA",FALSE,0.874494,"bsai_5wt",29
888,"GAAA",FALSE,0.874494,"bsai_5wt",30
888,"GAAA",FALSE,0.874494,"bsai_5wt",31
888,"GAAA",FALSE,0.874494,"bsai_5wt",32
888,"GAAA",FALSE,0.874494,"bsai_5wt",33
888,"GAAA",FALSE,0.874494,"bsai_5wt",34
2655,"AAAT",FALSE,0.773674,"bsmbi_3wt",1
2655,"AAAT",FALSE,0.773674,"bsmbi_3wt",2
2655,"AAAT",FALSE,0.773674,"bsmbi_3wt",3
2655,"AAAT",FALSE,0.773674,"bsmbi_3wt",4
2655,"AAAT",FALSE,0.773674,"bsmbi_3wt",5
2655,"AAAT",FALSE,0.773674,"bsmbi_3wt",6
2655,"AAAT",FALSE,0.773674,"bsmbi_3wt",7
2655,"AAAT",FALSE,0.773674,"bsmbi_3wt",8
2655,"AAAT",FALSE,0.773674,"bsmbi_3wt",9
2655,"AAAT",FALSE,0.773674,"bsmbi_3wt",10
2655,"AAAT",FALSE,0.773674,"bsmbi_3wt",11
2655,"AAAT",FALSE,0.773674,"bsmbi_3wt",12
2655,"AAAT",FALSE,0.773674,"bsmbi_3wt",13
2655,"AAAT",FALSE,0.773674,"bsmbi_3wt",14
2655,"AAAT",FALSE,0.773674,"bsai_5wt",17
2655,"AAAT",FALSE,0.773674,"bsai_5wt",18
2655,"AAAT",FALSE,0.773674,"bsai_5wt",19
2655,"AAAT",FALSE,0.773674,"bsai_5wt",20
2655,"AAAT",FALSE,0.773674,"bsai_5wt",21
2655,"AAAT",FALSE,0.773674,"bsai_5wt",22
2655,"AAAT",FALSE,0.773674,"bsai_5wt",23
2655,"AAAT",FALSE,0.773674,"bsai_5wt",24
2655,"AAAT",FALSE,0.773674,"bsai_5wt",25
2655,"AAAT",FALSE,0.773674,"bsai_5wt",26
2655,"AAAT",FALSE,0.773674,"bsai_5wt",27
2655,"AAAT",FALSE,0.773674,"bsai_5wt",28
2655,"AAAT",FALSE,0.773674,"bsai_5wt",29
2655,"AAAT",FALSE,0.773674,"bsai_5wt",30
2655,"AAAT",FALSE,0.773674,"bsai_5wt",31
2655,"AAAT",FALSE,0.773674,"bsai_5wt",32
2655,"AAAT",FALSE,0.773674,"bsai_5wt",33
2655,"AAAT",FALSE,0.773674,"bsai_5wt",34
4287,"AAGA",FALSE,0.92089,"bsmbi_3wt",1
4287,"AAGA",FALSE,0.92089,"bsmbi_3wt",2
4287,"AAGA",FALSE,0.92089,"bsmbi_3wt",3
4287,"AAGA",FALSE,0.92089,"bsmbi_3wt",4
4287,"AAGA",FALSE,0.92089,"bsmbi_3wt",5
4287,"AAGA",FALSE,0.92089,"bsmbi_3wt",6
4287,"AAGA",FALSE,0.92089,"bsmbi_3wt",7
4287,"AAGA",FALSE,0.92089,"bsmbi_3wt",8
4287,"AAGA",FALSE,0.92089,"bsmbi_3wt",9
4287,"AAGA",FALSE,0.92089,"bsmbi_3wt",10
4287,"AAGA",FALSE,0.92089,"bsmbi_3wt",11
4287,"AAGA",FALSE,0.92089,"bsmbi_3wt",12
4287,"AAGA",FALSE,0.92089,"bsmbi_3wt",13
4287,"AAGA",FALSE,0.92089,"bsmbi_3wt",14
4287,"AAGA",FALSE,0.92089,"bsmbi_3wt",15
4287,"AAGA",FALSE,0.92089,"bsmbi_3wt",16
4287,"AAGA",FALSE,0.92089,"bsmbi_3wt",17
4287,"AAGA",FALSE,0.92089,"bsmbi_3wt",18
4287,"AAGA",FALSE,0.92089,"bsmbi_3wt",19
4287,"AAGA",FALSE,0.92089,"bsmbi_3wt",20
4287,"AAGA",FALSE,0.92089,"bsmbi_3wt",21
4287,"AAGA",FALSE,0.92089,"bsmbi_3wt",22
4287,"AAGA",FALSE,0.92089,"bsmbi_3wt",23
4287,"AAGA",FALSE,0.92089,"bsmbi_3wt",24
4287,"AAGA",FALSE,0.92089,"bsai_5wt",27
4287,"AAGA",FALSE,0.92089,"bsai_5wt",28
4287,"AAGA",FALSE,0.92089,"bsai_5wt",29
4287,"AAGA",FALSE,0.92089,"bsai_5wt",30
4287,"AAGA",FALSE,0.92089,"bsai_5wt",31
4287,"AAGA",FALSE,0.92089,"bsai_5wt",32
4287,"AAGA",FALSE,0.92089,"bsai_5wt",33
4287,"AAGA",FALSE,0.92089,"bsai_5wt",34
