"tile_id","reaction_type","overhangs","n_overhangs","n_in_hf","set_fidelity"
1,"BsaI","ATGG;AGAA",2,0,1
1,"BsmBI","ACAG;GAAA;AAAT;AAGA;CACC",5,0,1
2,"BsaI","ATGG;GCTC;AGAA",3,0,1
2,"BsmBI","TGAT;GAAA;AAAT;AAGA;CACC",5,0,1
3,"BsaI","ATGG;CTTA;AGAA",3,0,1
3,"BsmBI","ATAC;GAAA;AAAT;AAGA;CACC",5,0,1
4,"BsaI","ATGG;TCAA;AGAA",3,0,1
4,"BsmBI","GGGA;GAAA;AAAT;AAGA;CACC",5,0,1
5,"BsaI","ATGG;AATG;AGAA",3,0,1
5,"BsmBI","GAAA;AAAT;AAGA;CACC",4,0,1
6,"BsaI","ATGG;GATT;AGAA",3,0,1
6,"BsmBI","AAGT;AAAT;AAGA;CACC",4,1,0.931223646372373
7,"BsaI","ATGG;TCAG;AGAA;GAAA",4,0,1
7,"BsmBI","GAAT;AAAT;AAGA;CACC",4,0,0.901829050222245
8,"BsaI","ATGG;TCAT;AGAA;GAAA",4,0,1
8,"BsmBI","TATT;AAAT;AAGA;CACC",4,0,1
9,"BsaI","ATGG;CAAA;AGAA;GAAA",4,0,0.998603351955307
9,"BsmBI","TAAG;AAAT;AAGA;CACC",4,0,1
10,"BsaI","ATGG;GTAA;AGAA;GAAA",4,1,0.96397356877117
10,"BsmBI","ATCT;AAAT;AAGA;CACC",4,0,1
11,"BsaI","ATGG;TTGA;AGAA;GAAA",4,0,1
11,"BsmBI","TTCA;AAAT;AAGA;CACC",4,0,1
12,"BsaI","ATGG;TGTC;AGAA;GAAA",4,0,1
12,"BsmBI","TAAT;AAAT;AAGA;CACC",4,0,0.901045932456394
13,"BsaI","ATGG;TCTA;AGAA;GAAA",4,0,1
13,"BsmBI","TACT;AAAT;AAGA;CACC",4,0,0.998601398601399
14,"BsaI","ATGG;GGAA;AGAA;GAAA",4,0,0.917491107850281
14,"BsmBI","CAGA;AAAT;AAGA;CACC",4,0,1
15,"BsaI","ATGG;ACAA;AGAA;GAAA",4,1,0.990728476821192
15,"BsmBI","AAAT;AAGA;CACC",3,0,1
16,"BsaI","ATGG;ACGA;AGAA;GAAA",4,0,1
16,"BsmBI","TTCC;AAGA;CACC",3,0,0.998756218905473
17,"BsaI","ATGG;ATTA;AGAA;GAAA;AAAT",5,1,1
17,"BsmBI","TCAG;AAGA;CACC",3,0,1
18,"BsaI","ATGG;TCTC;AGAA;GAAA;AAAT",5,0,1
18,"BsmBI","TAAG;AAGA;CACC",3,0,1
19,"BsaI","ATGG;GAAT;AGAA;GAAA;AAAT",5,0,0.838161876622795
19,"BsmBI","TCTA;AAGA;CACC",3,0,1
20,"BsaI","ATGG;TCAA;AGAA;GAAA;AAAT",5,0,1
20,"BsmBI","AAGT;AAGA;CACC",3,1,0.959545203118166
21,"BsaI","ATGG;AGTA;AGAA;GAAA;AAAT",5,0,0.971247495223449
21,"BsmBI","AATA;AAGA;CACC",3,0,0.994598258297733
22,"BsaI","ATGG;GATA;AGAA;GAAA;AAAT",5,0,0.961137409797182
22,"BsmBI","AAAG;AAGA;CACC",3,0,1
23,"BsaI","ATGG;TTCA;AGAA;GAAA;AAAT",5,0,1
23,"BsmBI","TCCG;AAGA;CACC",3,0,1
24,"BsaI","ATGG;GAAG;AGAA;GAAA;AAAT",5,0,0.913191887788959
24,"BsmBI","ATCA;AAGA;CACC",3,0,1
25,"BsaI","ATGG;TCTG;AGAA;GAAA;AAAT",5,0,1
25,"BsmBI","AAGA;CACC",2,0,1
26,"BsaI","ATGG;CAAA;AGAA;GAAA;AAAT",5,0,0.998603351955307
26,"BsmBI","TAAG;CACC",2,0,1
27,"BsaI","ATGG;AAAG;AGAA;GAAA;AAAT;AAGA",6,0,0.995224570055245
27,"BsmBI","TCAG;CACC",2,0,1
28,"BsaI","ATGG;AAGT;AGAA;GAAA;AAAT;AAGA",6,1,0.938112921805285
28,"BsmBI","AGGA;CACC",2,1,1
29,"BsaI","ATGG;CTAA;AGAA;GAAA;AAAT;AAGA",6,1,1
29,"BsmBI","ATCT;CACC",2,0,1
30,"BsaI","ATGG;GGAA;AGAA;GAAA;AAAT;AAGA",6,0,0.917491107850281
30,"BsmBI","TAAT;CACC",2,0,1
31,"BsaI","ATGG;ATTC;AGAA;GAAA;AAAT;AAGA",6,0,1
31,"BsmBI","AATA;CACC",2,0,1
32,"BsaI","ATGG;TCAA;AGAA;GAAA;AAAT;AAGA",6,0,1
32,"BsmBI","TCCA;CACC",2,0,1
33,"BsaI","ATGG;TTAT;AGAA;GAAA;AAAT;AAGA",6,0,0.997959183673469
33,"BsmBI","TGAA;CACC",2,1,1
34,"BsaI","ATGG;TCTG;AGAA;GAAA;AAAT;AAGA",6,0,1
34,"BsmBI","ATAG;CACC",2,0,1
