overhang,rc,is_palindrome,is_homopolymer,p_fid_t4,p_eff_t4,p_fid_bsai,p_eff_bsai,p_fid_bsmbi,p_eff_bsmbi
AAAA,TTTT,FALSE,TRUE,0.993990070551346,0.655862068965517,0.956325301204819,0.804816223067174,0.950242718446602,0.851086956521739
AAAC,GTTT,FALSE,FALSE,0.948494029584744,0.917586206896552,0.680972818311874,0.603295310519645,0.669354838709677,0.541304347826087
AAAG,CTTT,FALSE,FALSE,0.933832217408428,0.817586206896552,0.744069912609239,0.755386565272497,0.751082251082251,0.754347826086957
AAAT,ATTT,FALSE,FALSE,0.869389132635842,0.888275862068966,0.787730061349693,0.813688212927757,0.773674242424242,0.88804347826087
AACA,TGTT,FALSE,FALSE,0.981733524355301,0.945172413793103,0.805555555555556,0.624841571609633,0.803230543318649,0.594565217391304
AACC,GGTT,FALSE,FALSE,0.939741489168032,0.89,0.632307692307692,0.520912547528517,0.545081967213115,0.433695652173913
AACG,CGTT,FALSE,FALSE,0.760734010333155,0.736206896551724,0.589247311827957,0.694550063371356,0.556565656565657,0.598913043478261
AACT,AGTT,FALSE,FALSE,0.828019164050884,0.864137931034483,0.678132678132678,0.699619771863118,0.663522012578616,0.68804347826087
AAGA,TCTT,FALSE,FALSE,0.991009826468743,0.817241379310345,0.928484848484849,0.97084917617237,0.920889987639061,0.809782608695652
AAGC,GCTT,FALSE,FALSE,0.928500888801106,0.81051724137931,0.630350194552529,0.61596958174905,0.590011614401858,0.552173913043478
AAGG,CCTT,FALSE,FALSE,0.822725235320484,0.632931034482759,0.674074074074074,0.807351077313055,0.655236329935125,0.768478260869565
AAGT,ACTT,FALSE,FALSE,0.911831886706259,0.688275862068966,0.756207674943567,0.849176172370089,0.762857142857143,0.870652173913044
AATA,TATT,FALSE,FALSE,0.983364918930301,0.805172413793103,0.86875,0.70468948035488,0.881627620221948,0.777173913043478
AATC,GATT,FALSE,FALSE,0.929347826086957,0.796034482758621,0.722388059701493,0.613434727503169,0.711560044893378,0.689130434782609
AATG,CATT,FALSE,FALSE,0.896630396630397,0.880862068965517,0.68530701754386,0.792141951837769,0.641170915958451,0.73804347826087
AATT,AATT,TRUE,FALSE,0.934927412467976,0.943793103448276,0.819565217391304,0.955640050697085,0.800696257615318,1
ACAA,TTGT,FALSE,FALSE,0.98582288884323,0.827241379310345,0.91412213740458,0.607097591888467,0.891935483870968,0.601086956521739
ACAC,GTGT,FALSE,FALSE,0.812639405204461,0.753793103448276,0.555555555555556,0.456273764258555,0.562874251497006,0.408695652173913
ACAG,CTGT,FALSE,FALSE,0.813716891773373,0.799827586206897,0.617065556711759,0.751584283903676,0.579303675048356,0.651086956521739
ACAT,ATGT,FALSE,FALSE,0.819732818284243,0.878103448275862,0.724056603773585,0.778200253485425,0.662105263157895,0.683695652173913
ACCA,TGGT,FALSE,FALSE,0.97502329916123,0.901896551724138,0.772277227722772,0.593155893536122,0.72,0.45
ACCC,GGGT,FALSE,FALSE,0.897007223942208,0.749310344827586,0.596358118361153,0.498098859315589,0.552755905511811,0.381521739130435
ACCG,CGGT,FALSE,FALSE,0.756634195498824,0.776724137931034,0.526794742163802,0.660329531051965,0.516865079365079,0.566304347826087
ACCT,AGGT,FALSE,FALSE,0.834029417105502,0.791896551724138,0.659730722154223,0.683143219264892,0.622171945701358,0.597826086956522
ACGA,TCGT,FALSE,FALSE,0.979528173133164,0.866206896551724,0.757158006362672,0.904942965779468,0.763934426229508,0.759782608695652
ACGC,GCGT,FALSE,FALSE,0.835214894038423,0.727068965517241,0.43733681462141,0.424588086185044,0.44811320754717,0.41304347826087
ACGG,CCGT,FALSE,FALSE,0.692067890543817,0.688965517241379,0.490103675777568,0.659062103929024,0.498583569405099,0.573913043478261
ACGT,ACGT,TRUE,FALSE,0.857817109144543,0.752068965517241,0.640969162995595,0.737642585551331,0.630243902439024,0.702173913043478
ACTA,TAGT,FALSE,FALSE,0.963828183873399,0.661551724137931,0.839095744680851,0.799746514575412,0.794621026894866,0.706521739130435
ACTC,GAGT,FALSE,FALSE,0.8053638335634,0.704137931034483,0.660181582360571,0.645120405576679,0.597914252607184,0.560869565217391
ACTG,CAGT,FALSE,FALSE,0.667893660531697,0.563103448275862,0.601617795753286,0.754119138149556,0.552884615384615,0.625
ACTT,AAGT,FALSE,FALSE,0.881625441696113,0.688275862068966,0.757918552036199,0.849176172370089,0.731506849315069,0.870652173913044
AGAA,TTCT,FALSE,FALSE,0.982848333012141,0.879310344827586,0.87793427230047,0.948035487959442,0.88468992248062,0.992391304347826
AGAC,GTCT,FALSE,FALSE,0.76488799854307,0.724137931034483,0.553691275167785,0.627376425855513,0.56964892412231,0.546739130434783
AGAG,CTCT,FALSE,FALSE,0.802564624465703,0.679827586206897,0.675,0.718631178707224,0.601553829078801,0.589130434782609
AGAT,ATCT,FALSE,FALSE,0.788280900551662,0.911551724137931,0.702819956616052,0.821292775665399,0.682495344506518,0.796739130434783
AGCA,TGCT,FALSE,FALSE,0.888834951456311,0.631379310344828,0.596813725490196,0.61723700887199,0.569002123142251,0.582608695652174
AGCC,GGCT,FALSE,FALSE,0.684584980237154,0.597241379310345,0.455882352941176,0.510773130544994,0.464406779661017,0.446739130434783
AGCG,CGCT,FALSE,FALSE,0.520576798444589,0.553965517241379,0.483476132190943,0.50063371356147,0.41973840665874,0.383695652173913
AGCT,AGCT,TRUE,FALSE,0.666779718500933,0.677931034482759,0.527777777777778,0.577946768060837,0.511731843575419,0.497826086956522
AGGA,TCCT,FALSE,FALSE,0.968209942393855,0.782413793103448,0.778874629812438,1,0.751456310679612,0.841304347826087
AGGC,GCCT,FALSE,FALSE,0.713982150446239,0.579310344827586,0.575901328273245,0.769328263624842,0.570990806945863,0.607608695652174
AGGG,CCCT,FALSE,FALSE,0.619015203086,0.470344827586207,0.555133079847909,0.555133079847909,0.518471337579618,0.442391304347826
AGGT,ACCT,FALSE,FALSE,0.786203355015406,0.791896551724138,0.653333333333333,0.683143219264892,0.625,0.597826086956522
AGTA,TACT,FALSE,FALSE,0.956294720556952,0.852586206896552,0.752147239263804,0.776932826362484,0.728571428571429,0.776086956521739
AGTC,GACT,FALSE,FALSE,0.833172799075323,0.745689655172414,0.597633136094675,0.768060836501901,0.59375,0.660869565217391
AGTG,CACT,FALSE,FALSE,0.789731051344743,0.612586206896552,0.518666666666667,0.493029150823828,0.519003931847969,0.430434782608696
AGTT,AACT,FALSE,FALSE,0.862650602409639,0.864137931034483,0.657142857142857,0.699619771863118,0.674840085287847,0.68804347826087
ATAA,TTAT,FALSE,FALSE,0.984957488554611,0.519310344827586,0.895604395604396,0.619771863117871,0.917043740573152,0.660869565217391
ATAC,GTAT,FALSE,FALSE,0.91174916329047,0.892413793103448,0.720399429386591,0.640050697084918,0.680424528301887,0.627173913043478
ATAG,CTAT,FALSE,FALSE,0.922925255422119,0.887758620689655,0.739074550128535,0.728770595690748,0.733046286329386,0.740217391304348
ATAT,ATAT,TRUE,FALSE,0.953730272596844,0.916896551724138,0.813775510204082,0.808618504435995,0.79344262295082,0.789130434782609
ATCA,TGAT,FALSE,FALSE,0.964265773311,0.893275862068965,0.757534246575343,0.700887198986058,0.748275862068966,0.707608695652174
ATCC,GGAT,FALSE,FALSE,0.920987215909091,0.894310344827586,0.675675675675676,0.728770595690748,0.601542416452442,0.508695652173913
ATCG,CGAT,FALSE,FALSE,0.778501084960775,0.804137931034483,0.570570570570571,0.722433460076046,0.570035460992908,0.698913043478261
ATCT,AGAT,FALSE,FALSE,0.863183673469388,0.911551724137931,0.723214285714286,0.821292775665399,0.715121951219512,0.796739130434783
ATGA,TCAT,FALSE,FALSE,0.969946857247572,0.912586206896552,0.789655172413793,0.870722433460076,0.754912099276112,0.793478260869565
ATGC,GCAT,FALSE,FALSE,0.825998645903859,0.841379310344828,0.637209302325581,0.694550063371356,0.617107942973524,0.658695652173913
ATGG,CCAT,FALSE,FALSE,0.768559698939446,0.774655172413793,0.59837019790454,0.651457541191382,0.539273153575615,0.5
ATGT,ACAT,FALSE,FALSE,0.895393811533052,0.878103448275862,0.718969555035129,0.778200253485425,0.682212581344902,0.683695652173913
ATTA,TAAT,FALSE,FALSE,0.956319898712809,0.781379310344828,0.813782991202346,0.703422053231939,0.781818181818182,0.701086956521739
ATTC,GAAT,FALSE,FALSE,0.868202608842961,0.883620689655172,0.732317736670294,0.85297845373891,0.708369283865401,0.892391304347826
ATTG,CAAT,FALSE,FALSE,0.839277223014741,0.912931034482759,0.624401913875598,0.661596958174905,0.612394957983193,0.633695652173913
ATTT,AAAT,FALSE,FALSE,0.893358765389284,0.888275862068966,0.767025089605735,0.813688212927757,0.766416510318949,0.88804347826087
CAAA,TTTG,FALSE,FALSE,0.985242290748899,0.771206896551724,0.898148148148148,0.614702154626109,0.894822006472492,0.601086956521739
CAAC,GTTG,FALSE,FALSE,0.926328034121753,0.823793103448276,0.566666666666667,0.344740177439797,0.578014184397163,0.354347826086957
CAAG,CTTG,FALSE,FALSE,0.881292261457551,0.808965517241379,0.657794676806084,0.657794676806084,0.664027149321267,0.63804347826087
CAAT,ATTG,FALSE,FALSE,0.863643777524058,0.912931034482759,0.786144578313253,0.661596958174905,0.736111111111111,0.633695652173913
CACA,TGTG,FALSE,FALSE,0.908590308370044,0.853448275862069,0.628352490421456,0.415716096324461,0.614065180102916,0.389130434782609
CACC,GGTG,FALSE,FALSE,0.865883306320908,0.736896551724138,0.451612903225806,0.319391634980989,0.417207792207792,0.279347826086957
CACG,CGTG,FALSE,FALSE,0.694538424359594,0.743275862068966,0.420359281437126,0.444866920152091,0.464818763326226,0.473913043478261
CACT,AGTG,FALSE,FALSE,0.65626154414481,0.612586206896552,0.556509298998569,0.493029150823828,0.533692722371968,0.430434782608696
CAGA,TCTG,FALSE,FALSE,0.963696948439144,0.947413793103448,0.817721518987342,0.818757921419518,0.817490494296578,0.701086956521739
CAGC,GCTG,FALSE,FALSE,0.852484174179935,0.766206896551724,0.503576537911302,0.446134347275032,0.481534090909091,0.368478260869565
CAGG,CCTG,FALSE,FALSE,0.686771761480466,0.691034482758621,0.548162859980139,0.699619771863118,0.535776614310646,0.667391304347826
CAGT,ACTG,FALSE,FALSE,0.881987577639752,0.563103448275862,0.699177438307873,0.754119138149556,0.65118912797282,0.625
CATA,TATG,FALSE,FALSE,0.901122019635344,0.886206896551724,0.737804878048781,0.613434727503169,0.7539975399754,0.666304347826087
CATC,GATG,FALSE,FALSE,0.739460953697305,0.737931034482759,0.58259587020649,0.50063371356147,0.521621621621622,0.419565217391304
CATG,CATG,TRUE,FALSE,0.750181028240406,0.893103448275862,0.589473684210526,0.638783269961977,0.604558969276511,0.66304347826087
CATT,AATG,FALSE,FALSE,0.778810975609756,0.880862068965517,0.707814269535674,0.792141951837769,0.676969092721835,0.73804347826087
CCAA,TTGG,FALSE,FALSE,0.977323344806641,0.832241379310345,0.825,0.501901140684411,0.843866171003718,0.493478260869565
CCAC,GTGG,FALSE,FALSE,0.848531684698609,0.662586206896552,0.568273092369478,0.358681875792142,0.542592592592593,0.318478260869565
CCAG,CTGG,FALSE,FALSE,0.864088605218697,0.793620689655172,0.617341040462428,0.67680608365019,0.612244897959184,0.554347826086957
CCAT,ATGG,FALSE,FALSE,0.84693685202639,0.774655172413793,0.700272479564033,0.651457541191382,0.646976090014065,0.5
CCCA,TGGG,FALSE,FALSE,0.931965723188782,0.618793103448276,0.70018281535649,0.485424588086185,0.668737060041408,0.351086956521739
CCCC,GGGG,FALSE,TRUE,0.91711590296496,0.469310344827586,0.546,0.346007604562738,0.551456310679612,0.308695652173913
CCCG,CGGG,FALSE,FALSE,0.733830845771144,0.55948275862069,0.545968882602546,0.489226869455006,0.582345191040843,0.480434782608696
CCCT,AGGG,FALSE,FALSE,0.702187902187902,0.470344827586207,0.623044096728307,0.555133079847909,0.620426829268293,0.442391304347826
CCGA,TCGG,FALSE,FALSE,0.89018302828619,0.737931034482759,0.712837837837838,0.802281368821293,0.644219977553311,0.623913043478261
CCGC,GCGG,FALSE,FALSE,0.720348447621175,0.556034482758621,0.411490683229814,0.335868187579214,0.377492877492877,0.28804347826087
CCGG,CCGG,TRUE,FALSE,0.628924678705059,0.666551724137931,0.522829006266786,0.740177439797212,0.564192139737991,0.702173913043478
CCGT,ACGG,FALSE,FALSE,0.744272676476066,0.688965517241379,0.610328638497653,0.659062103929024,0.607594936708861,0.573913043478261
CCTA,TAGG,FALSE,FALSE,0.8720741599073,0.648793103448276,0.702127659574468,0.669201520912548,0.667929292929293,0.575
CCTC,GAGG,FALSE,FALSE,0.692179700499168,0.502068965517241,0.583333333333333,0.532319391634981,0.566757493188011,0.452173913043478
CCTG,CAGG,FALSE,FALSE,0.697407342961545,0.691034482758621,0.611973392461197,0.699619771863118,0.638253638253638,0.667391304347826
CCTT,AAGG,FALSE,FALSE,0.751791931189842,0.632931034482759,0.705426356589147,0.807351077313055,0.689083820662768,0.768478260869565
CGAA,TTCG,FALSE,FALSE,0.974953773743486,1,0.783492822966507,0.830164765525982,0.746085011185682,0.725
CGAC,GTCG,FALSE,FALSE,0.677822658203501,0.607586206896552,0.432801822323462,0.481622306717364,0.469483568075117,0.434782608695652
CGAG,CTCG,FALSE,FALSE,0.724712547908682,0.749827586206897,0.509413067552602,0.583016476552598,0.535140562248996,0.579347826086957
CGAT,ATCG,FALSE,FALSE,0.738091470169331,0.804137931034483,0.624315443592552,0.722433460076046,0.611798287345385,0.698913043478261
CGCA,TGCG,FALSE,FALSE,0.820403587443946,0.630862068965517,0.486263736263736,0.448669201520913,0.467479674796748,0.375
CGCC,GGCG,FALSE,FALSE,0.572962728995578,0.469137931034483,0.341463414634146,0.354879594423321,0.354685646500593,0.325
CGCG,CGCG,TRUE,FALSE,0.45937711577522,0.467931034482759,0.412291933418694,0.408111533586819,0.404358353510896,0.36304347826087
CGCT,AGCG,FALSE,FALSE,0.591059602649007,0.553965517241379,0.441834451901566,0.50063371356147,0.430487804878049,0.383695652173913
CGGA,TCCG,FALSE,FALSE,0.878506281190845,0.880172413793103,0.671762589928058,0.946768060836502,0.660909090909091,0.790217391304348
CGGC,GCCG,FALSE,FALSE,0.564339195542399,0.558793103448276,0.434824902723735,0.566539923954373,0.430950048971597,0.478260869565217
CGGG,CCCG,FALSE,FALSE,0.50513698630137,0.55948275862069,0.474784747847479,0.489226869455006,0.52122641509434,0.480434782608696
CGGT,ACCG,FALSE,FALSE,0.656705539358601,0.776724137931034,0.58082497212932,0.660329531051965,0.556623931623932,0.566304347826087
CGTA,TACG,FALSE,FALSE,0.866164154103853,0.891551724137931,0.638539042821159,0.642585551330799,0.653846153846154,0.609782608695652
CGTC,GACG,FALSE,FALSE,0.65387275242047,0.652068965517241,0.484913793103448,0.570342205323194,0.513605442176871,0.492391304347826
CGTG,CACG,FALSE,FALSE,0.634810778972169,0.743275862068966,0.503586800573888,0.444866920152091,0.589189189189189,0.473913043478261
CGTT,AACG,FALSE,FALSE,0.729665071770335,0.736206896551724,0.620611551528879,0.694550063371356,0.578781512605042,0.598913043478261
CTAA,TTAG,FALSE,FALSE,0.971350613915416,0.736551724137931,0.853535353535354,0.642585551330799,0.869109947643979,0.721739130434783
CTAC,GTAG,FALSE,FALSE,0.809130263675718,0.708965517241379,0.653910149750416,0.498098859315589,0.658307210031348,0.456521739130435
CTAG,CTAG,TRUE,FALSE,0.856174698795181,0.784137931034483,0.716826265389877,0.664131812420786,0.713692946058091,0.560869565217391
CTAT,ATAG,FALSE,FALSE,0.911650141643059,0.887758620689655,0.734355044699872,0.728770595690748,0.729903536977492,0.740217391304348
CTCA,TGAG,FALSE,FALSE,0.872309107635695,0.817413793103448,0.668073136427567,0.602027883396705,0.68717277486911,0.570652173913044
CTCC,GGAG,FALSE,FALSE,0.770186335403727,0.555862068965517,0.559322033898305,0.501901140684411,0.550991501416431,0.422826086956522
CTCG,CGAG,FALSE,FALSE,0.751512009676862,0.749827586206897,0.690690690690691,0.583016476552598,0.725170068027211,0.579347826086957
CTCT,AGAG,FALSE,FALSE,0.715088864708016,0.679827586206897,0.657010428736964,0.718631178707224,0.634660421545668,0.589130434782609
CTGA,TCAG,FALSE,FALSE,0.865692910580691,0.837931034482759,0.725050916496945,0.902408111533587,0.679133858267717,0.75
CTGC,GCAG,FALSE,FALSE,0.656575212866604,0.598275862068966,0.535924617196702,0.576679340937896,0.564193168433451,0.520652173913044
CTGG,CCAG,FALSE,FALSE,0.666521865044889,0.793620689655172,0.599326599326599,0.67680608365019,0.575620767494357,0.554347826086957
CTGT,ACAG,FALSE,FALSE,0.745101188564086,0.799827586206897,0.644565217391304,0.751584283903676,0.647567567567568,0.651086956521739
CTTA,TAAG,FALSE,FALSE,0.876119687440442,0.792586206896552,0.703896103896104,0.686945500633714,0.718294051627385,0.695652173913044
CTTC,GAAG,FALSE,FALSE,0.70329471397538,0.669827586206897,0.67710843373494,0.712294043092522,0.638383838383838,0.686956521739131
CTTG,CAAG,FALSE,FALSE,0.751561749159058,0.808965517241379,0.734087694483734,0.657794676806084,0.759379042690815,0.63804347826087
CTTT,AAAG,FALSE,FALSE,0.776358873608382,0.817586206896552,0.68270332187858,0.755386565272497,0.663479923518164,0.754347826086957
GAAA,TTTC,FALSE,FALSE,0.986947063089195,0.938620689655172,0.87515299877601,0.906210392902408,0.874493927125506,0.939130434782609
GAAC,GTTC,FALSE,FALSE,0.750337837837838,0.765862068965517,0.636152954808807,0.695817490494297,0.607862903225807,0.655434782608696
GAAG,CTTC,FALSE,FALSE,0.726983532934132,0.669827586206897,0.666666666666667,0.712294043092522,0.675213675213675,0.686956521739131
GAAT,ATTC,FALSE,FALSE,0.744479953515398,0.883620689655172,0.742006615214994,0.85297845373891,0.724624889673433,0.892391304347826
GACA,TGTC,FALSE,FALSE,0.897199921676131,0.79,0.603909465020576,0.743979721166033,0.612669683257919,0.735869565217391
GACC,GGTC,FALSE,FALSE,0.610677319774832,0.579827586206897,0.529162248144221,0.632446134347275,0.515463917525773,0.543478260869565
GACG,CGTC,FALSE,FALSE,0.562546482225197,0.652068965517241,0.476190476190476,0.570342205323194,0.459898477157361,0.492391304347826
GACT,AGTC,FALSE,FALSE,0.627721335268505,0.745689655172414,0.563197026022305,0.768060836501901,0.553734061930783,0.660869565217391
GAGA,TCTC,FALSE,FALSE,0.966635557629491,0.714310344827586,0.796817625458996,0.825095057034221,0.744360902255639,0.753260869565217
GAGC,GCTC,FALSE,FALSE,0.696524543174489,0.670344827586207,0.55659276546091,0.604562737642586,0.544642857142857,0.530434782608696
GAGG,CCTC,FALSE,FALSE,0.547265551588047,0.502068965517241,0.587412587412587,0.532319391634981,0.559892328398385,0.452173913043478
GAGT,ACTC,FALSE,FALSE,0.74457611668186,0.704137931034483,0.63625,0.645120405576679,0.620938628158845,0.560869565217391
GATA,TATC,FALSE,FALSE,0.945091514143095,0.881379310344828,0.722972972972973,0.678073510773131,0.702920443101712,0.758695652173913
GATC,GATC,TRUE,FALSE,0.718386346004655,0.798275862068966,0.598058252427185,0.780735107731306,0.582104228121927,0.643478260869565
GATG,CATC,FALSE,FALSE,0.629411764705882,0.737931034482759,0.509020618556701,0.50063371356147,0.474201474201474,0.419565217391304
GATT,AATC,FALSE,FALSE,0.75713348638898,0.796034482758621,0.601242236024845,0.613434727503169,0.6417004048583,0.689130434782609
GCAA,TTGC,FALSE,FALSE,0.969484457922669,0.881896551724138,0.740223463687151,0.671736375158428,0.754299754299754,0.667391304347826
GCAC,GTGC,FALSE,FALSE,0.613882863340564,0.58551724137931,0.477244772447724,0.491761723700887,0.50571791613723,0.432608695652174
GCAG,CTGC,FALSE,FALSE,0.629535558780842,0.598275862068966,0.522388059701493,0.576679340937896,0.511752136752137,0.520652173913044
GCAT,ATGC,FALSE,FALSE,0.68877911079746,0.841379310344828,0.601536772777168,0.694550063371356,0.582692307692308,0.658695652173913
GCCA,TGGC,FALSE,FALSE,0.728831725616292,0.703448275862069,0.537540805223069,0.626108998732573,0.572668112798265,0.573913043478261
GCCC,GGGC,FALSE,FALSE,0.539024825861761,0.520344827586207,0.489017341040462,0.536121673003802,0.546184738955823,0.443478260869565
GCCG,CGGC,FALSE,FALSE,0.504828660436137,0.558793103448276,0.448345035105316,0.566539923954373,0.451745379876797,0.478260869565217
GCCT,AGGC,FALSE,FALSE,0.538547844205802,0.579310344827586,0.554844606946984,0.769328263624842,0.528855250709555,0.607608695652174
GCGA,TCGC,FALSE,FALSE,0.820149706655877,0.698965517241379,0.619361936193619,0.713561470215463,0.583617747440273,0.557608695652174
GCGC,GCGC,TRUE,FALSE,0.535714285714286,0.517241379310345,0.440046565774156,0.479087452471483,0.431818181818182,0.371739130434783
GCGG,CCGC,FALSE,FALSE,0.484161537306711,0.556034482758621,0.382947976878613,0.335868187579214,0.433715220949264,0.28804347826087
GCGT,ACGC,FALSE,FALSE,0.606413574920909,0.727068965517241,0.447263017356475,0.424588086185044,0.509383378016086,0.41304347826087
GCTA,TAGC,FALSE,FALSE,0.850455136540962,0.789310344827586,0.623067776456599,0.664131812420786,0.581050228310502,0.553260869565217
GCTC,GAGC,FALSE,FALSE,0.62287728292214,0.670344827586207,0.503695881731785,0.604562737642586,0.523043944265809,0.530434782608696
GCTG,CAGC,FALSE,FALSE,0.627152130962461,0.766206896551724,0.438902743142145,0.446134347275032,0.452,0.368478260869565
GCTT,AAGC,FALSE,FALSE,0.689700704225352,0.81051724137931,0.580645161290323,0.61596958174905,0.563192904656319,0.552173913043478
GGAA,TTCC,FALSE,FALSE,0.950245005653977,0.869310344827586,0.792494481236203,0.910012674271229,0.746282527881041,0.872826086956522
GGAC,GTCC,FALSE,FALSE,0.474050368721302,0.587413793103448,0.515384615384615,0.679340937896071,0.575396825396825,0.630434782608696
GGAG,CTCC,FALSE,FALSE,0.488115064345193,0.555862068965517,0.540983606557377,0.501901140684411,0.522849462365591,0.422826086956522
GGAT,ATCC,FALSE,FALSE,0.596069868995633,0.894310344827586,0.633259911894273,0.728770595690748,0.538550057537399,0.508695652173913
GGCA,TGCC,FALSE,FALSE,0.576123055409893,0.568275862068966,0.500491642084563,0.645120405576679,0.527305282005372,0.640217391304348
GGCC,GGCC,TRUE,FALSE,0.369683590875644,0.433103448275862,0.382178217821782,0.489226869455006,0.45350052246604,0.471739130434783
GGCG,CGCC,FALSE,FALSE,0.345129375951294,0.469137931034483,0.376344086021505,0.354879594423321,0.43021582733813,0.325
GGCT,AGCC,FALSE,FALSE,0.430417495029821,0.597241379310345,0.47024504084014,0.510773130544994,0.469714285714286,0.446739130434783
GGGA,TCCC,FALSE,FALSE,0.812888888888889,0.630689655172414,0.66747572815534,0.697084917617237,0.619447779111645,0.560869565217391
GGGC,GCCC,FALSE,FALSE,0.412238765196012,0.520344827586207,0.488452655889146,0.536121673003802,0.495145631067961,0.443478260869565
GGGG,CCCC,FALSE,TRUE,0.391148153470326,0.469310344827586,0.476439790575916,0.346007604562738,0.529850746268657,0.308695652173913
GGGT,ACCC,FALSE,FALSE,0.498566020419869,0.749310344827586,0.535422343324251,0.498098859315589,0.529411764705882,0.381521739130435
GGTA,TACC,FALSE,FALSE,0.80252021816814,0.735689655172414,0.638814016172507,0.600760456273764,0.583892617449665,0.567391304347826
GGTC,GACC,FALSE,FALSE,0.501117568171658,0.579827586206897,0.495039682539683,0.632446134347275,0.51440329218107,0.543478260869565
GGTG,CACC,FALSE,FALSE,0.465020128386465,0.736896551724138,0.401273885350319,0.319391634980989,0.445407279029463,0.279347826086957
GGTT,AACC,FALSE,FALSE,0.635479502646805,0.89,0.562243502051984,0.520912547528517,0.570815450643777,0.433695652173913
GTAA,TTAC,FALSE,FALSE,0.977338756536897,0.87,0.805039787798408,0.769328263624842,0.802879291251384,0.78804347826087
GTAC,GTAC,TRUE,FALSE,0.771140418929403,0.856896551724138,0.596449704142012,0.638783269961977,0.583957219251337,0.593478260869565
GTAG,CTAC,FALSE,FALSE,0.790921331025197,0.708965517241379,0.570391872278665,0.498098859315589,0.561497326203209,0.456521739130435
GTAT,ATAC,FALSE,FALSE,0.877436853704018,0.892413793103448,0.659268929503917,0.640050697084918,0.660183066361556,0.627173913043478
GTCA,TGAC,FALSE,FALSE,0.718492774830803,0.677241379310345,0.576098059244127,0.714828897338403,0.591485507246377,0.709782608695652
GTCC,GGAC,FALSE,FALSE,0.550403877221325,0.587413793103448,0.557752341311134,0.679340937896071,0.580580580580581,0.630434782608696
GTCG,CGAC,FALSE,FALSE,0.493626558341504,0.607586206896552,0.429864253393665,0.481622306717364,0.48661800486618,0.434782608695652
GTCT,AGAC,FALSE,FALSE,0.586510263929619,0.724137931034483,0.545755237045204,0.627376425855513,0.560133630289532,0.546739130434783
GTGA,TCAC,FALSE,FALSE,0.795999310225901,0.795862068965517,0.577777777777778,0.560202788339671,0.561338289962825,0.492391304347826
GTGC,GCAC,FALSE,FALSE,0.496273564226217,0.58551724137931,0.481987577639752,0.491761723700887,0.496878901373283,0.432608695652174
GTGG,CCAC,FALSE,FALSE,0.53330557868443,0.662586206896552,0.438759689922481,0.358681875792142,0.46656050955414,0.318478260869565
GTGT,ACAC,FALSE,FALSE,0.620405846459486,0.753793103448276,0.522496371552975,0.456273764258555,0.508108108108108,0.408695652173913
GTTA,TAAC,FALSE,FALSE,0.830124777183601,0.802931034482759,0.648021828103684,0.602027883396705,0.613903743315508,0.623913043478261
GTTC,GAAC,FALSE,FALSE,0.607910223073765,0.765862068965517,0.580338266384778,0.695817490494297,0.597621407333994,0.655434782608696
GTTG,CAAC,FALSE,FALSE,0.612564102564103,0.823793103448276,0.430379746835443,0.344740177439797,0.475912408759124,0.354347826086957
GTTT,AAAC,FALSE,FALSE,0.69036191464522,0.917586206896552,0.612612612612613,0.603295310519645,0.587264150943396,0.541304347826087
TAAA,TTTA,FALSE,FALSE,0.947992100065833,0.248275862068966,0.942558746736293,0.457541191381496,0.939172749391727,0.419565217391304
TAAC,GTTA,FALSE,FALSE,0.784006734006734,0.802931034482759,0.758785942492013,0.602027883396705,0.771505376344086,0.623913043478261
TAAG,CTTA,FALSE,FALSE,0.855414960922962,0.792586206896552,0.826219512195122,0.686945500633714,0.837696335078534,0.695652173913044
TAAT,ATTA,FALSE,FALSE,0.805832147937411,0.781379310344828,0.842185128983308,0.703422053231939,0.816455696202532,0.701086956521739
TACA,TGTA,FALSE,FALSE,0.920111214087118,0.855862068965517,0.865353037766831,0.667934093789607,0.865217391304348,0.648913043478261
TACC,GGTA,FALSE,FALSE,0.741442224152911,0.735689655172414,0.729230769230769,0.600760456273764,0.705405405405405,0.567391304347826
TACG,CGTA,FALSE,FALSE,0.73787100456621,0.891551724137931,0.647509578544061,0.642585551330799,0.647806004618938,0.609782608695652
TACT,AGTA,FALSE,FALSE,0.798482157274342,0.852586206896552,0.735894357743097,0.776932826362484,0.744525547445256,0.776086956521739
TAGA,TCTA,FALSE,FALSE,0.96,0.521379310344828,0.917043740573152,0.770595690747782,0.911504424778761,0.671739130434783
TAGC,GCTA,FALSE,FALSE,0.74914089347079,0.789310344827586,0.729805013927577,0.664131812420786,0.701101928374656,0.553260869565217
TAGG,CCTA,FALSE,FALSE,0.748408910103421,0.648793103448276,0.688396349413299,0.669201520912548,0.673027989821883,0.575
TAGT,ACTA,FALSE,FALSE,0.832321041214751,0.661551724137931,0.80484693877551,0.799746514575412,0.74370709382151,0.706521739130435
TATA,TATA,TRUE,FALSE,0.952750352609309,0.465862068965517,0.88631090487239,0.484157160963245,0.880503144654088,0.608695652173913
TATC,GATA,FALSE,FALSE,0.811171056807363,0.881379310344828,0.782163742690059,0.678073510773131,0.804147465437788,0.758695652173913
TATG,CATA,FALSE,FALSE,0.808176100628931,0.886206896551724,0.688477951635846,0.613434727503169,0.700571428571429,0.666304347826087
TATT,AATA,FALSE,FALSE,0.890371782650143,0.805172413793103,0.783098591549296,0.70468948035488,0.813424345847554,0.777173913043478
TCAA,TTGA,FALSE,FALSE,0.966793497059841,0.481896551724138,0.917602996254682,0.621039290240811,0.942528735632184,0.71304347826087
TCAC,GTGA,FALSE,FALSE,0.788385994876174,0.795862068965517,0.770034843205575,0.560202788339671,0.762626262626263,0.492391304347826
TCAG,CTGA,FALSE,FALSE,0.831906881205067,0.837931034482759,0.798206278026906,0.902408111533587,0.781426953567384,0.75
TCAT,ATGA,FALSE,FALSE,0.816191210485736,0.912586206896552,0.827710843373494,0.870722433460076,0.810210876803552,0.793478260869565
TCCA,TGGA,FALSE,FALSE,0.875435699871583,0.822758620689655,0.887207702888583,0.817490494296578,0.851851851851852,0.7
TCCC,GGGA,FALSE,FALSE,0.7375,0.630689655172414,0.757575757575758,0.697084917617237,0.77593984962406,0.560869565217391
TCCG,CGGA,FALSE,FALSE,0.752505896226415,0.880172413793103,0.725242718446602,0.946768060836502,0.723383084577114,0.790217391304348
TCCT,AGGA,FALSE,FALSE,0.785256964872815,0.782413793103448,0.775049115913556,1,0.7573385518591,0.841304347826087
TCGA,TCGA,TRUE,FALSE,0.91240094238595,0.73448275862069,0.823255813953488,0.897338403041825,0.83704572098476,0.776086956521739
TCGC,GCGA,FALSE,FALSE,0.708369736152368,0.698965517241379,0.67913148371532,0.713561470215463,0.679470198675497,0.557608695652174
TCGG,CCGA,FALSE,FALSE,0.689766317485899,0.737931034482759,0.629224652087475,0.802281368821293,0.634254143646409,0.623913043478261
TCGT,ACGA,FALSE,FALSE,0.797586918558501,0.866206896551724,0.755555555555556,0.904942965779468,0.733473242392445,0.759782608695652
TCTA,TAGA,FALSE,FALSE,0.924205378973105,0.521379310344828,0.888888888888889,0.770595690747782,0.889208633093525,0.671739130434783
TCTC,GAGA,FALSE,FALSE,0.757127192982456,0.714310344827586,0.795843520782396,0.825095057034221,0.810526315789474,0.753260869565217
TCTG,CAGA,FALSE,FALSE,0.820271682340648,0.947413793103448,0.694623655913978,0.818757921419518,0.66839378238342,0.701086956521739
TCTT,AAGA,FALSE,FALSE,0.876965772432932,0.817241379310345,0.814027630180659,0.97084917617237,0.798499464094319,0.809782608695652
TGAA,TTCA,FALSE,FALSE,0.956403885249605,0.73,0.834621329211747,0.684410646387833,0.862068965517241,0.733695652173913
TGAC,GTCA,FALSE,FALSE,0.617901525876986,0.677241379310345,0.618421052631579,0.714828897338403,0.648460774577954,0.709782608695652
TGAG,CTCA,FALSE,FALSE,0.751108998732573,0.817413793103448,0.689404934687954,0.602027883396705,0.654613466334165,0.570652173913044
TGAT,ATCA,FALSE,FALSE,0.691722296395194,0.893275862068965,0.681034482758621,0.700887198986058,0.693290734824281,0.707608695652174
TGCA,TGCA,TRUE,FALSE,0.806378865979382,0.863103448275862,0.669230769230769,0.661596958174905,0.683090705487122,0.66304347826087
TGCC,GGCA,FALSE,FALSE,0.552741908435351,0.568275862068966,0.55995599559956,0.645120405576679,0.586653386454183,0.640217391304348
TGCG,CGCA,FALSE,FALSE,0.49633749321758,0.630862068965517,0.504273504273504,0.448669201520913,0.494269340974212,0.375
TGCT,AGCA,FALSE,FALSE,0.542357819905213,0.631379310344828,0.592457420924574,0.61723700887199,0.597547380156076,0.582608695652174
TGGA,TCCA,FALSE,FALSE,0.918045402077722,0.822758620689655,0.748259860788863,0.817490494296578,0.737686139747996,0.7
TGGC,GCCA,FALSE,FALSE,0.582773889444365,0.703448275862069,0.54646017699115,0.626108998732573,0.592592592592593,0.573913043478261
TGGG,CCCA,FALSE,FALSE,0.583577235772358,0.618793103448276,0.567407407407407,0.485424588086185,0.503115264797508,0.351086956521739
TGGT,ACCA,FALSE,FALSE,0.662991128010139,0.901896551724138,0.624,0.593155893536122,0.58392101551481,0.45
TGTA,TACA,FALSE,FALSE,0.918238993710692,0.855862068965517,0.781899109792285,0.667934093789607,0.769329896907217,0.648913043478261
TGTC,GACA,FALSE,FALSE,0.665214866434379,0.79,0.657334826427772,0.743979721166033,0.665029469548134,0.735869565217391
TGTG,CACA,FALSE,FALSE,0.661411010154997,0.853448275862069,0.530744336569579,0.415716096324461,0.540785498489426,0.389130434782609
TGTT,AACA,FALSE,FALSE,0.780355871886121,0.945172413793103,0.672578444747613,0.624841571609633,0.645047169811321,0.594565217391304
TTAA,TTAA,TRUE,FALSE,0.926829268292683,0.0458620689655172,0.967741935483871,0.304182509505703,0.944827586206897,0.297826086956522
TTAC,GTAA,FALSE,FALSE,0.926381494400587,0.87,0.847765363128492,0.769328263624842,0.833333333333333,0.78804347826087
TTAG,CTAA,FALSE,FALSE,0.902408111533587,0.736551724137931,0.8112,0.642585551330799,0.848020434227331,0.721739130434783
TTAT,ATAA,FALSE,FALSE,0.938025537215821,0.519310344827586,0.857894736842105,0.619771863117871,0.867332382310984,0.660869565217391
TTCA,TGAA,FALSE,FALSE,0.959655485040798,0.73,0.9,0.684410646387833,0.882352941176471,0.733695652173913
TTCC,GGAA,FALSE,FALSE,0.857774753317455,0.869310344827586,0.816837315130831,0.910012674271229,0.79583746283449,0.872826086956522
TTCG,CGAA,FALSE,FALSE,0.847705349313067,1,0.704301075268817,0.830164765525982,0.689049586776859,0.725
TTCT,AGAA,FALSE,FALSE,0.918918918918919,0.879310344827586,0.800856531049251,0.948035487959442,0.818100358422939,0.992391304347826
TTGA,TCAA,FALSE,FALSE,0.956536618754278,0.481896551724138,0.819397993311037,0.621039290240811,0.885290148448043,0.71304347826087
TTGC,GCAA,FALSE,FALSE,0.833740831295844,0.881896551724138,0.742296918767507,0.671736375158428,0.733572281959379,0.667391304347826
TTGG,CCAA,FALSE,FALSE,0.844915105898827,0.832241379310345,0.614906832298137,0.501901140684411,0.600529100529101,0.493478260869565
TTGT,ACAA,FALSE,FALSE,0.930025198681915,0.827241379310345,0.738058551617874,0.607097591888467,0.714470284237726,0.601086956521739
TTTA,TAAA,FALSE,FALSE,0.960640426951301,0.248275862068966,0.916243654822335,0.457541191381496,0.914691943127962,0.419565217391304
TTTC,GAAA,FALSE,FALSE,0.888526195527991,0.938620689655172,0.828505214368482,0.906210392902408,0.834782608695652,0.939130434782609
TTTG,CAAA,FALSE,FALSE,0.87261022239563,0.771206896551724,0.729323308270677,0.614702154626109,0.706257982120051,0.601086956521739
TTTT,AAAA,FALSE,TRUE,0.935793357933579,0.655862068965517,0.844414893617021,0.804816223067174,0.862334801762115,0.851086956521739
