overhang,p_fid_t4,p_fid_bsai,p_fid_bsmbi
ATAT,0.953730272596844,0.813775510204082,0.79344262295082
TATA,0.952750352609309,0.88631090487239,0.880503144654088
AATT,0.934927412467976,0.819565217391304,0.800696257615318
TTAA,0.926829268292683,0.967741935483871,0.944827586206897
TCGA,0.91240094238595,0.823255813953488,0.83704572098476
ACGT,0.857817109144543,0.640969162995595,0.630243902439024
CTAG,0.856174698795181,0.716826265389877,0.713692946058091
TGCA,0.806378865979382,0.669230769230769,0.683090705487122
GTAC,0.771140418929403,0.596449704142012,0.583957219251337
CATG,0.750181028240406,0.589473684210526,0.604558969276511
GATC,0.718386346004655,0.598058252427185,0.582104228121927
AGCT,0.666779718500933,0.527777777777778,0.511731843575419
CCGG,0.628924678705059,0.522829006266786,0.564192139737991
GCGC,0.535714285714286,0.440046565774156,0.431818181818182
CGCG,0.45937711577522,0.412291933418694,0.404358353510896
GGCC,0.369683590875644,0.382178217821782,0.45350052246604
